,xl,yl,xr,yr
0,0.01,1.5,0.01,-1.5
1,0.03,1.5,0.03,-1.5
2,0.4338034375544994,1.4452137502179978,-0.2938034375544994,-1.4652137502179978
3,0.11,1.49,0.11,-1.51
4,0.17,1.49,0.17,-1.51
5,0.23,1.49,0.23,-1.51
6,0.31,1.49,0.31,-1.51
7,0.39,1.49,0.39,-1.51
8,0.48,1.49,0.48,-1.51
9,0.58,1.49,0.58,-1.51
10,0.68,1.49,0.68,-1.51
11,0.78,1.49,0.78,-1.51
12,1.0258036190637778,1.4738398097015557,0.7541963809362222,-1.5138398097015557
13,1.1392555785314984,1.4625557853149838,0.8407444214685016,-1.5225557853149838
14,1.3683281572999746,1.4258048651498612,0.8316718427000256,-1.5258048651498612
15,1.5153956867279847,1.394280590275929,0.8646043132720151,-1.5342805902759291
16,1.5841742027072758,1.3808710135363802,0.9958257972927244,-1.5608710135363804
17,1.6841742027072764,1.3608710135363802,1.0958257972927234,-1.5808710135363804
18,1.9543416490252568,1.2830249470757709,1.0056583509747432,-1.5630249470757707
19,1.8741742027072759,1.3108710135363804,1.2858257972927243,-1.6308710135363802
20,1.9741742027072764,1.2908710135363803,1.3858257972927235,-1.6508710135363802
21,2.0583281572999748,1.2758048651498612,1.5216718427000253,-1.6758048651498612
22,2.0358036190637776,1.2838398097015558,1.7641963809362222,-1.7038398097015557
23,2.258085776380912,1.2525575464759258,1.8019142236190877,-1.7125575464759257
24,2.2745682197806096,1.2548186373673196,2.02543178021939,-1.7348186373673196
25,2.5021320343559643,1.22492424049175,2.0778679656440358,-1.74492424049175
26,2.5350447483271057,1.2255817282523724,2.304955251672894,-1.7655817282523725
27,2.7660521018838122,1.1984168150705017,2.393947898116188,-1.7784168150705018
28,2.9321320343559645,1.17492424049175,2.507867965644036,-1.79492424049175
29,3.065261871351096,1.1597259064843142,2.714738128648904,-1.8197259064843143
30,3.2356472891122694,1.1408256020104282,2.9043527108877303,-1.8408256020104283
31,3.415261871351096,1.1197259064843141,3.0647381286489046,-1.8597259064843144
32,3.5870271767770645,1.101758179382109,3.272972823222936,-1.8817581793821092
33,3.856598480958036,1.0595908857482157,3.3634015190419637,-1.8995908857482156
34,3.9592555785314985,1.0525557853149838,3.6607444214685017,-1.9325557853149837
35,4.23266980709997,1.0162452520664484,3.8273301929000305,-1.9562452520664484
36,4.452510679395368,0.9834045293024463,4.007489320604633,-1.9834045293024463
37,4.585803619063778,0.9738398097015557,4.314196380936222,-2.0138398097015555
38,4.876052101883813,0.9384168150705015,4.503947898116188,-2.0384168150705015
39,5.11266980709997,0.9062452520664485,4.70733019290003,-2.0662452520664485
40,5.455931381168002,0.8384706296064074,4.844068618831999,-2.0984706296064073
41,5.6932710904751875,0.7930096704709709,5.126728909524813,-2.153009670470971
42,6.064444888279956,0.6944460295712727,5.255555111720044,-2.1944460295712727
43,6.319999999999999,0.6200000000000002,5.480000000000001,-2.2600000000000002
44,6.607163590655676,0.5286362207989862,5.6928364093443244,-2.328636220798986
45,6.846132494537061,0.45819716906258057,5.993867505462939,-2.4181971690625805
46,7.08,0.3899999999999999,6.24,-2.49
47,7.356132494537061,0.3081971690625809,6.503867505462939,-2.5681971690625804
48,7.533803437554499,0.26521375021799787,6.806196562445501,-2.645213750217998
49,7.816443238175589,0.1919953472487015,7.063556761824412,-2.7119953472487017
50,8.094444888279957,0.11444602957127237,7.285555111720043,-2.7744460295712727
51,8.344444888279956,0.04444602957127297,7.535555111720045,-2.844446029571273
52,8.5838034375545,-0.014786249782002159,7.8561965624455015,-2.925213750217998
53,8.86996021017181,-0.09157636221899557,8.090039789828191,-2.9884236377810045
54,9.172081691846069,-0.17771407853876564,8.34791830815393,-3.0622859214612346
55,9.406443238175589,-0.23800465275129845,8.65355676182441,-3.1419953472487014
56,9.71889349718872,-0.32401107269088913,8.92110650281128,-3.2159889273091107
57,9.91429363309631,-0.3632963788838861,9.285706366903689,-3.296703621116114
58,10.240391307151963,-0.4368384968984398,9.579608692848037,-3.3631615031015603
59,10.50429363309631,-0.493296378883886,9.875706366903689,-3.426703621116114
60,10.700497051278855,-0.5108993269494375,10.339502948721144,-3.4891006730505625
61,11.018245580136528,-0.553158148976048,10.621754419863473,-3.526841851023952
62,11.233567429232771,-0.5629211322756673,11.04643257076723,-3.557078867724333
63,11.546573416996948,-0.5831120365473128,11.353426583003051,-3.5768879634526876
64,11.74,-0.5800000000000001,11.74,-3.58
65,12.06,-0.5800000000000001,12.06,-3.58
66,12.28646270423138,-0.5709557184786755,12.39353729576862,-3.5690442815213244
67,12.553426583003052,-0.5531120365473126,12.746573416996949,-3.5468879634526873
68,12.770200314548603,-0.5285362691202864,13.089799685451396,-3.5114637308797136
69,13.080744421468502,-0.4974442146850162,13.379255578531499,-3.4825557853149838
70,13.389192471727032,-0.47409836831493646,13.610807528272968,-3.4659016316850635
71,13.686796862576932,-0.4535545073655254,13.893203137423066,-3.4464454926344743
72,14.028306586240332,-0.44089100096961875,14.131693413759669,-3.439108999030381
73,14.239192471727032,-0.4240983683149364,14.460807528272968,-3.4159016316850632
74,14.564482509235178,-0.4110277493498493,14.67551749076482,-3.4089722506501507
75,14.82022148421434,-0.39332226321508656,15.01977851578566,-3.3866777367849132
76,15.12022148421434,-0.37332226321508655,15.31977851578566,-3.3666777367849137
77,15.446462704231381,-0.3609557184786758,15.553537295768619,-3.3590442815213244
78,15.686796862576932,-0.3435545073655255,15.893203137423066,-3.336445492634475
79,15.969988936960412,-0.3165486609110679,16.250011063039587,-3.303451339088932
80,16.19504390429445,-0.28406830613478773,16.604956095705546,-3.2559316938652123
81,16.471151341763072,-0.239138318931029,16.94884865823693,-3.2008616810689707
82,16.753567197424722,-0.18569171959851705,17.30643280257528,-3.134308280401483
83,16.989155576590367,-0.1292381853873108,17.67084442340963,-3.0507618146126894
84,17.24388163462257,-0.05602358976915145,18.056118365377426,-2.9439764102308486
85,17.54178470770407,0.03051934013043689,18.37821529229593,-2.850519340130437
86,17.83826957187801,0.12716677783161723,18.761730428121993,-2.7271667778316173
87,18.213881634622574,0.23397641023084859,19.026118365377428,-2.6539764102308485
88,18.596438440284068,0.33273939889527404,19.34356155971593,-2.5727393988952745
89,18.905323891311838,0.41714573185659853,19.694676108688164,-2.4771457318565986
90,19.258534204320856,0.5152768644449107,20.061465795679144,-2.3752768644449107
91,19.63659996156774,0.6077751585330567,20.343400038432257,-2.307775158533057
92,20.045825797292725,0.6908710135363805,20.634174202707275,-2.2508710135363805
93,20.395825797292726,0.7608710135363803,20.984174202707276,-2.1808710135363802
94,20.88925352602195,0.8278224970287756,21.270746473978047,-2.1478224970287756
95,21.274352710887733,0.8708256020104285,21.60564728911227,-2.1108256020104283
96,21.740536542532634,0.9060005853873488,21.95946345746737,-2.0860005853873487
97,22.18691616942989,0.928218526687345,22.333083830570114,-2.0682185266873447
98,22.622511713259694,0.9395314696121841,22.697488286740306,-2.0595314696121845
99,23.106574488682064,0.929554035964575,23.033425511317937,-2.069554035964575
100,23.48,0.93,23.48,-2.07
101,23.94,0.93,23.94,-2.07
102,24.4,0.93,24.4,-2.07
103,24.784295833080566,0.9395750106162042,24.855704166919434,-2.0595750106162045
104,25.331243220522754,0.9296745850921683,25.268756779477247,-2.069674585092168
105,25.77408210802994,0.919612753317414,25.705917891970056,-2.079612753317414
106,26.291173554271463,0.8987520796508662,26.168826445728538,-2.098752079650866
107,26.828083032927204,0.8674115597624937,26.651916967072793,-2.1274115597624936
108,27.362088771152628,0.8112166946041849,27.03791122884737,-2.171216694604185
109,27.902132034355965,0.73492424049175,27.477867965644037,-2.23492424049175
110,28.375662995479694,0.6629282560094171,27.924337004520304,-2.302928256009417
111,28.948621691081517,0.551970624515736,28.371378308918484,-2.391970624515736
112,29.435395686727983,0.44428059027592903,28.784604313272016,-2.484280590275929
113,29.946493975840497,0.3093524094018696,29.1735060241595,-2.5893524094018696
114,30.46,0.15999999999999992,29.619999999999997,-2.7199999999999998
115,30.934379071191188,0.006307147230079968,30.00562092880881,-2.84630714723008
116,31.395372296895296,-0.16131572181951848,30.364627703104702,-2.9786842781804816
117,31.887086014531153,-0.35728496367211116,30.772913985468843,-3.142715036327889
118,32.342985093052796,-0.5565339547130732,31.1370149069472,-3.3034660452869264
119,32.774654024449575,-0.742906469695714,31.58534597555042,-3.4970935303042863
120,33.16671096051728,-0.9095036223122888,31.99328903948272,-3.6704963776877113
121,33.61465402444958,-1.1029064696957118,32.42534597555043,-3.8570935303042884
122,34.0329850930528,-1.2865339547130756,32.8270149069472,-4.033466045286925
123,34.46465402444958,-1.4729064696957153,33.275345975550415,-4.227093530304285
124,34.91358522185243,-1.6850837434685617,33.62641477814758,-4.394916256531438
125,35.378815198007416,-1.9124234586212008,34.06118480199258,-4.607576541378799
126,35.81381380470849,-2.1349349527120003,34.44618619529152,-4.805065047288
127,36.25287812465824,-2.37567613698503,34.807121875341764,-5.00432386301497
128,36.68827819602086,-2.6131566406284255,35.25172180397914,-5.246843359371574
129,37.06725084848488,-2.8119031457430848,35.67274915151511,-5.468096854256915
130,37.544419459467505,-3.0656914162010764,36.1355805405325,-5.714308583798923
131,37.907635448032124,-3.241847331534153,36.592364551967876,-5.938152668465847
132,38.314900370588525,-3.435709221764104,37.02509962941148,-6.144290778235896
133,38.70218376324614,-3.58933490144377,37.57781623675386,-6.3706650985562305
134,39.17218376324614,-3.7793349014437685,38.04781623675386,-6.560665098556232
135,39.58997521130744,-3.933008251756329,38.55002478869256,-6.746991748243671
136,40.05020412248166,-4.099435661374242,39.02979587751834,-6.920564338625757
137,40.52077071336689,-4.266059162258188,39.51922928663311,-7.093940837741812
138,41.02923017660271,-4.445514499625667,40.03076982339729,-7.274485500374333
139,41.510770713366895,-4.61605916225819,40.5092292866331,-7.443940837741811
140,42.02237363953683,-4.789677616919318,41.05762636046317,-7.630322383080682
141,42.52285409985805,-4.959840882770431,41.55714590014195,-7.800159117229569
142,43.0778593173864,-5.155031413743915,42.0821406826136,-7.984968586256086
143,43.56165905314081,-5.322865082123553,42.57834094685919,-8.157134917876448
144,44.11194451712464,-5.509531949527375,43.148055482875364,-8.350468050472625
145,44.616108284461134,-5.6742570122365334,43.68389171553886,-8.525742987763467
146,45.169013770619685,-5.8519571580721035,44.25098622938032,-8.708042841927897
147,45.64574097695327,-5.988764613228659,44.81425902304672,-8.87123538677134
148,46.21259945536406,-6.14228950834504,45.427400544635944,-9.03771049165496
149,46.73644323817559,-6.278004652751299,45.98355676182441,-9.181995347248701
150,47.2826509918,-6.3929453461692445,46.6573490082,-9.327054653830755
151,47.778111788796735,-6.486007519377294,47.221888211203265,-9.433992480622706
152,48.340662345161306,-6.5810921635483055,47.8393376548387,-9.538907836451695
153,48.829381419510874,-6.6420031324145725,48.45061858048913,-9.617996867585429
154,49.38175965314602,-6.6976967440640625,49.078240346853974,-9.682303255935937
155,49.93883251322952,-6.7455428465375915,49.681167486770484,-9.73445715346241
156,50.40551749076482,-6.761027749349849,50.29448250923518,-9.75897225065015
157,50.898840821347015,-6.77027728995523,50.84115917865298,-9.76972271004477
158,51.45678144462532,-6.780239100981833,51.40321855537468,-9.779760899018166
159,51.97884082134701,-6.790277289955229,51.92115917865299,-9.789722710044769
160,52.46,-6.789999999999999,52.46,-9.79
161,52.99,-6.789999999999999,52.99,-9.79
162,53.53,-6.789999999999999,53.53,-9.79
163,54.01059388759833,-6.780288267514912,54.069406112401666,-9.779711732485087
164,54.57,-6.779999999999999,54.57,-9.78
165,55.05059388759833,-6.770288267514912,55.109406112401665,-9.769711732485087
166,55.58,-6.77,55.58,-9.77
167,56.07549057283929,-6.750990753080352,56.18450942716071,-9.749009246919648
168,56.52833490508074,-6.7228034496521705,56.711665094919255,-9.71719655034783
169,57.049192471727025,-6.684098368314936,57.27080752827297,-9.675901631685063
170,57.49772946797991,-6.637748786203101,57.80227053202009,-9.6222512137969
171,57.9701770083658,-6.566194806469195,58.409822991634194,-9.533805193530807
172,58.42340151904197,-6.490409114251785,58.91659848095804,-9.449590885748215
173,58.89517531475092,-6.391299243799882,59.50482468524908,-9.328700756200119
174,59.361442486539914,-6.286425621859645,60.01855751346008,-9.213574378140354
175,59.84532389131184,-6.1528542681434,60.63467610868816,-9.047145731856599
176,60.32675051401267,-6.0109517476430945,61.17324948598733,-8.889048252356906
177,60.803891715538875,-5.854257012236532,61.73610828446113,-8.705742987763468
178,61.28902846626461,-5.673376858914445,62.330971533735394,-8.486623141085555
179,61.75770821826368,-5.491458036574786,62.842291781736314,-8.288541963425214
180,62.21324097783345,-5.28819699336257,63.42675902216655,-8.03180300663743
181,62.691304445505175,-5.0627719466985095,63.96869555449482,-7.77722805330149
182,63.179524253317496,-4.808368202826607,64.5604757466825,-7.4716317971733925
183,63.67998287691596,-4.53410663712223,65.12001712308405,-7.165893362877769
184,64.10069914685366,-4.286376324269211,65.61930085314634,-6.873623675730789
185,64.5727633934041,-3.989404158237775,66.1672366065959,-6.530595841762224
186,65.06912595552595,-3.664545579039684,66.71087404447405,-6.175454420960316
187,65.55123625463139,-3.333229971034291,67.24876374536862,-5.80677002896571
188,66.07136464823249,-2.9700628744951754,67.78863535176752,-5.429937125504825
189,66.5865349678891,-2.619610246895708,68.27346503211092,-5.100389753104292
190,67.11717544662542,-2.2591749630874762,68.80282455337456,-4.740825036912524
191,67.62123625463138,-1.913229971034291,69.31876374536861,-4.386770028965708
192,68.18273496152544,-1.535416834699988,69.85726503847455,-4.024583165300012
193,68.69136464823248,-1.1800628744951749,70.40863535176751,-3.6399371255048254
194,69.24215283955898,-0.8026014415184979,70.93784716044102,-3.277398558481502
195,69.77243544711501,-0.44561837857088027,71.44756455288498,-2.93438162142912
196,70.33840056629451,-0.0551808211270417,72.04159943370549,-2.524819178872958
197,70.89340769788744,0.3116969146275994,72.54659230211256,-2.1916969146275993
198,71.44840056629451,0.6948191788729583,73.15159943370548,-1.7748191788729584
199,72.01273496152544,1.0745831653000122,73.68726503847455,-1.414583165300012
200,72.54215283955898,1.4373985584815023,74.23784716044102,-1.0373985584815024
201,73.18794970566215,1.8680754415067629,74.85205029433784,-0.6280754415067628
202,73.75794970566217,2.2480754415067703,75.42205029433784,-0.2480754415067703
203,74.32794970566215,2.628075441506761,75.99205029433784,0.13192455849323892
204,74.9425174741069,3.027665424450961,76.57748252589312,0.5123345755490392
205,75.62847519789929,3.4541618765523587,77.21152480210071,0.9058381234476414
206,76.19529641454739,3.7904373004512566,77.7247035854526,1.2095626995487434
207,76.95153560323207,4.211235914182312,78.40846439676794,1.5887640858176875
208,77.59522637783188,4.554120138618862,79.00477362216812,1.9058798613811376
209,78.34677008303476,4.925409260129522,79.67322991696525,2.234590739870478
210,79.03090443433607,5.236279869051451,80.26909556566395,2.5037201309485497
211,79.7415708569771,5.53976488708814,80.91842914302289,2.78023511291186
212,80.47429380060012,5.82107775227663,81.54570619939989,3.0189222477233697
213,81.28320286958986,6.1117920061425615,82.29679713041016,3.288207993857439
214,82.05603595596243,6.352793051212144,82.94396404403757,3.4872069487878554
215,82.8153108741995,6.571538389687492,83.64468912580051,3.6884616103125074
216,83.64430042418117,6.769620431235013,84.33569957581882,3.8503795687649864
217,84.3988561178895,6.935218962129207,85.0411438821105,4.004781037870792
218,85.27452857217179,7.088084689577501,85.78547142782821,4.1319153104224995
219,86.08175441986347,7.196841851023953,86.47824558013653,4.223158148976047
220,86.8709025279117,7.281538800827893,87.1890974720883,4.298461199172107
221,87.77438045528993,7.346276883392655,87.98561954471006,4.353723116607345
222,88.59160274717287,7.37886282256324,88.70839725282714,4.381137177436759
223,89.41,7.38,89.41,4.38
224,90.27613408946267,7.359564712701224,90.20386591053732,4.360435287298777
225,91.1350447483271,7.2955817282523725,90.90495525167289,4.304418271747627
226,91.96925557853149,7.212555785314983,91.6707444214685,4.227444214685017
227,92.83185090855541,7.096356690271671,92.42814909144458,4.12364330972833
228,93.65659848095804,6.9595908857482165,93.16340151904195,4.000409114251784
229,94.55791117782051,6.7659237643945795,93.92208882217948,3.83407623560542
230,95.34005942871298,6.578580952970777,94.63994057128701,3.6614190470292236
231,96.21509814672403,6.3342629578857,95.40490185327597,3.4457370421142994
232,97.04321013079057,6.06668720283494,96.11678986920943,3.2133127971650595
233,97.84214757852907,5.783452443266984,96.83785242147094,2.9565475567330166
234,98.65074980210407,5.465232831996982,97.54925019789592,2.6747671680030183
235,99.49759656592792,5.091432248808742,98.28240343407208,2.348567751191259
236,100.28343872618066,4.705306305866355,98.95656127381935,2.0146936941336455
237,101.09498972509078,4.274005093463172,99.68501027490922,1.6259949065368284
238,101.83420840753526,3.85236471318669,100.34579159246475,1.24763528681331
239,102.59015005387546,3.385014859662665,101.00984994612453,0.8349851403373347
240,103.29205029433784,2.9180754415067636,101.62794970566215,0.4219245584932363
241,104.05823583076653,2.366018842599829,102.30176416923348,-0.06601884259982915
242,104.75717125161366,1.8269275020882483,102.92282874838635,-0.5469275020882484
243,105.48196751905755,1.2124881364360567,103.53803248094246,-1.0724881364360566
244,106.14763164063778,0.6201478070318966,104.15236835936223,-1.6201478070318966
245,106.80283767374121,-0.011811896640457897,104.7171623262588,-2.168188103359542
246,107.4366236023768,-0.6759549590285445,105.26337639762319,-2.7440450409714554
247,108.05830501173547,-1.3703030955697997,105.82169498826453,-3.3696969044302003
248,108.62528568365651,-2.0532790432219494,106.31471431634348,-3.96672095677805
249,109.1764246944283,-2.7493953909746245,106.8235753055717,-4.610604609025376
250,109.72827712878593,-3.514899527210097,107.29172287121408,-5.265100472789902
251,110.26312562336591,-4.325575247785586,107.7568743766341,-5.974424752214414
252,110.71811397946172,-5.064872841187808,108.16188602053828,-6.635127158812192
253,111.19337879140834,-5.897569042868665,108.58662120859167,-7.3824309571313345
254,111.62400509346317,-6.705010274909225,108.97599490653683,-8.114989725090776
255,112.0284848032559,-7.533045865080442,109.3315151967441,-8.846954134919557
256,112.40788225776267,-8.374452984006805,109.67211774223735,-9.605547015993196
257,112.75504394706263,-9.170621869229123,110.00495605293736,-10.369378130770876
258,113.10154161675582,-10.029989349354361,110.31845838324416,-11.150010650645639
259,113.44449376635356,-10.943314837617397,110.63550623364645,-11.996685162382605
260,113.73768706827474,-11.789935334423564,110.90231293172525,-12.770064665576434
261,114.0213032605414,-12.630524201263135,111.17869673945859,-13.589475798736864
262,114.30787197906636,-13.520454995243009,111.45212802093363,-14.439545004756992
263,114.59366851308292,-14.448871226743714,111.72633148691708,-15.331128773256287
264,114.84904825235691,-15.316750514012675,111.97095174764308,-16.163249485987325
265,115.10037459284374,-16.18128645556868,112.21962540715626,-17.01871354443132
266,115.37170573308322,-17.12589303411438,112.4882942669168,-17.954106965885618
267,115.62165894799479,-17.99573018735782,112.73834105200523,-18.82426981264218
268,115.8671457318566,-18.895323891311843,112.97285426814341,-19.684676108688155
269,116.12783955787992,-19.857876786407516,113.23216044212009,-20.642123213592484
270,116.33412456179956,-20.671867199544437,113.42587543820044,-21.40813280045556
271,116.56053226819463,-21.63817329893317,113.63946773180535,-22.32182670106683
272,116.7820984777924,-22.60493576550591,113.85790152220758,-23.275064234494092
273,116.98715889347724,-23.567838533302705,114.05284110652275,-24.192161466697293
274,117.1796428703878,-24.509750381318625,114.24035712961219,-25.110249618681372
275,117.36430828040149,-25.49356719742471,114.41569171959851,-26.04643280257529
276,117.54430828040148,-26.453567197424732,114.5956917195985,-27.00643280257527
277,117.70086168106897,-27.42115134176306,114.73913831893103,-27.89884865823694
278,117.83492424049174,-28.357867965644044,114.86507575950824,-28.782132034355957
279,117.95992243885468,-29.426416803240226,114.98007756114532,-29.773583196759777
280,118.05255578531498,-30.350744421468494,115.06744421468503,-30.649255578531506
281,118.14407993402332,-31.37686416429495,115.15592006597669,-31.643135835705053
282,118.21558172825237,-32.30495525167291,115.22441827174762,-32.535044748327095
283,118.28602820085914,-33.27091461035401,115.29397179914088,-33.48908538964599
284,118.33812850831677,-34.30509357458417,115.34187149168324,-34.454906425415835
285,118.37864376102468,-35.256227925062795,115.38135623897531,-35.383772074937205
286,118.41880143808268,-36.26004794247668,115.42119856191732,-36.37995205752332
287,118.44925263648584,-37.22265517990045,115.45074736351417,-37.31734482009956
288,118.46972271004476,-38.28115917865299,115.47027728995523,-38.33884082134701
289,118.48969400244479,-39.26970315146576,115.4903059975552,-39.33029684853423
290,118.49991690441232,-40.23421140100618,115.50008309558768,-40.26578859899382
291,118.50993197741647,-41.285714933548405,115.51006802258354,-41.31428506645159
292,118.51,-42.25,115.51,-42.25
293,118.51,-43.22,115.51,-43.22
294,118.51,-44.29,115.51,-44.29
295,118.49992500562453,-45.304999250056255,115.50007499437547,-45.27500074994374
296,118.46933873769166,-46.34453481399084,115.47066126230834,-46.255465186009154
297,118.42889176194699,-47.3976496831518,115.43110823805303,-47.28235031684821
298,118.35626438392384,-48.435796471590585,115.36373561607616,-48.22420352840941
299,118.27597618522354,-49.52979641726411,115.28402381477646,-49.310203582735895
300,118.17240578353375,-50.56074805894279,115.18759421646627,-50.2592519410572
301,118.07311354365042,-51.593568609966404,115.08688645634957,-51.3064313900336
302,117.94887958304311,-52.612311785678756,114.97112041695688,-52.24768821432124
303,117.78409629548992,-53.73784899750311,114.81590370451008,-53.3021510024969
304,117.63238042804271,-54.719234086810715,114.6676195719573,-54.26076591318929
305,117.43689659061607,-55.82225266562344,114.48310340938392,-55.29774733437657
306,117.2431157008654,-56.83271917491356,114.29688429913459,-56.26728082508644
307,117.01870075620012,-57.91482468524908,114.08129924379988,-57.30517531475092
308,116.80670362111611,-58.9042936330963,113.8732963788839,-58.275706366903705
309,116.58357437814036,-59.89855751346008,113.65642562185965,-59.241442486539924
310,116.31352180299056,-60.960505557625055,113.40647819700943,-60.21949444237495
311,116.028423637781,-62.01996021017181,113.131576362219,-61.240039789828195
312,115.75397641023085,-62.99611836537743,112.86602358976916,-62.18388163462258
313,115.45228592146124,-64.05208169184607,112.56771407853877,-63.22791830815394
314,115.15464453655954,-65.0279441216866,112.28535546344045,-64.1520558783134
315,114.8312197313816,-66.05901011180597,111.96878026861842,-65.16098988819402
316,114.51880715096138,-67.0366290894825,111.66119284903863,-66.1233709105175
317,114.19590818473647,-68.02560267256702,111.34409181526352,-67.09439732743299
318,113.86674519505925,-68.9727809374119,111.03325480494075,-67.98721906258811
319,113.49620361722539,-70.03433522488058,110.6637963827746,-69.04566477511943
320,113.1319728664485,-70.99335924267062,110.3280271335515,-69.92664075732937
321,112.7264597977306,-72.02763129322769,109.9335402022694,-70.93236870677232
322,112.32103616583238,-72.98543924421156,109.55896383416761,-71.81456075578845
323,111.9107173229304,-73.90920769908016,109.16928267706962,-72.69079230091984
324,111.42732508307166,-74.89932929597124,108.73267491692833,-73.58067070402875
325,110.92602780739902,-75.88193086002657,108.25397219260098,-74.51806913997343
326,110.41979655302237,-76.7910492388962,107.80020344697763,-75.3289507611038
327,109.9116995088247,-77.6525695895471,107.32830049117531,-76.1274304104529
328,109.30897126331898,-78.58547002283163,106.79102873668101,-76.95452997716836
329,108.75559449312084,-79.39047413162862,106.28440550687915,-77.68952586837139
330,108.11351328687712,-80.25529646950616,105.70648671312287,-78.46470353049384
331,107.48661126294044,-81.03287759607517,105.15338873705954,-79.14712240392484
332,106.79254967758897,-81.83352998316936,104.52745032241103,-79.86647001683063
333,106.14378090010646,-82.52647130625375,103.95621909989353,-80.47352869374625
334,105.47066017177981,-83.20066017177982,103.34933982822018,-81.07933982822018
335,104.7400651507728,-83.87975774067694,102.69993484922719,-81.68024225932307
336,103.96027659949671,-84.53233191939606,102.03972340050329,-82.22766808060393
337,103.20859661286573,-85.11582471842664,101.37140338713428,-82.74417528157338
338,102.4801628725839,-85.64462476416581,100.71983712741608,-83.2153752358342
339,101.66442475221443,-86.18312562336591,100.01557524778558,-83.6768743766341
340,100.80478609300172,-86.68626307276385,99.29521390699827,-84.09373692723615
341,100.04080197794741,-87.10546360975403,98.59919802205258,-84.47453639024599
342,99.2384941831068,-87.49257358190845,97.94150581689321,-84.78742641809156
343,98.35687641424256,-87.876131732837,97.16312358575745,-85.123868267163
344,97.55096778932534,-88.18905462756551,96.46903221067467,-85.3909453724345
345,96.65947579873685,-88.49130326054141,95.70052420126316,-85.64869673945857
346,95.84950552836196,-88.7230194808945,95.03049447163804,-85.83698051910551
347,94.97792437979787,-88.94417731062974,94.24207562020213,-86.03582268937025
348,94.16252257347844,-89.10315341885192,93.59747742652155,-86.15684658114807
349,93.3205941040646,-89.24057910193592,92.8394058959354,-86.27942089806409
350,92.50318287146595,-89.34750811028786,92.11681712853405,-86.37249188971214
351,91.63359689090967,-89.41569239697729,91.40640310909032,-86.42430760302271
352,90.84165060086052,-89.43942163097907,90.75834939913948,-86.44057836902093
353,90.07,-89.44,90.07,-86.44
354,89.21317787204028,-89.3980314952149,89.36682212795974,-86.40196850478512
355,88.3924244257631,-89.32367766314336,88.6675755742369,-86.33632233685664
356,87.64599122389835,-89.22740061677932,88.03400877610166,-86.25259938322067
357,86.91767878081586,-89.09507327058085,87.46232121918413,-86.14492672941915
358,86.10256524283781,-88.91382597319563,86.7574347571622,-85.98617402680438
359,85.40921547996484,-88.72820145660087,86.19078452003515,-85.83179854339913
360,84.73688730671934,-88.52611050929904,85.60311269328066,-85.65388949070096
361,83.97240153305353,-88.24786783009439,85.00759846694646,-85.43213216990561
362,83.3570614195753,-88.00436685498399,84.46293858042469,-85.21563314501601
363,82.65278459170777,-87.68257140422101,83.90721540829223,-84.95742859577898
364,82.02917960675008,-87.37164078649988,83.37082039324993,-84.68835921350012
365,81.39538398563299,-87.02336652604018,82.84461601436702,-84.39663347395981
366,80.76510544999553,-86.63825683857873,82.33489455000446,-84.08174316142127
367,80.2427633934041,-86.31059584176222,81.83723660659591,-83.76940415823779
368,79.69487767769056,-85.93238217038714,81.40512232230944,-83.46761782961286
369,79.13,-85.51,80.93,-83.11
370,78.65621465126767,-85.13390158126346,80.52378534873233,-82.78609841873653
371,78.1339468720154,-84.68035358573844,80.10605312798461,-82.41964641426155
372,77.70143702757387,-84.28114915937964,79.73856297242612,-82.07885084062038
373,77.23933982822018,-83.82066017177982,79.36066017177981,-81.69933982822019
374,76.83779483305877,-83.3874201540996,79.04220516694123,-81.35257984590041
375,76.46934090513832,-82.96570280064864,78.73065909486166,-80.99429719935137
376,76.08195687114176,-82.5053999038126,78.37804312885825,-80.57460009618741
377,75.73630648858081,-82.04505414951686,78.14369351141919,-80.25494585048315
378,75.40377635030353,-81.57393029864976,77.85622364969646,-79.84606970135023
379,75.11233457554904,-81.12748252589311,77.62766542445097,-79.49251747410689
380,74.8525125249432,-80.70614613849652,77.4074874750568,-79.13385386150348
381,74.59547829597959,-80.2677688023534,77.18452170402041,-78.75223119764661
382,74.33732303709796,-79.78747837550574,76.98267696290203,-78.37252162449425
383,74.11508374346856,-79.32358522185244,76.82491625653144,-78.03641477814757
384,73.90290646969571,-78.83465402444955,76.6570935303043,-77.64534597555044
385,73.72263357077242,-78.37531372847906,76.5173664292276,-77.28468627152094
386,73.55369972783134,-77.89405823447747,76.38630027216865,-76.90594176552254
387,73.41015404345102,-77.44336579110086,76.26984595654899,-76.53663420889913
388,73.28369191079432,-76.98773472453158,76.17630808920569,-76.19226527546843
389,73.16679594328366,-76.53174987497394,76.07320405671635,-75.78825012502605
390,73.06649215036629,-76.02066816183498,76.01350784963373,-75.45933183816501
391,72.98315623832114,-75.55255000207629,75.93684376167884,-75.02744999792372
392,72.91507575950826,-75.08213203435592,75.88492424049176,-74.65786796564409
393,72.86675679110907,-74.59221363894201,75.85324320889093,-74.30778636105799
394,72.83304637570455,-74.07555023133801,75.82695362429544,-73.884449768662
395,72.81169779341334,-73.63134772412316,75.80830220658666,-73.48865227587685
396,72.81,-73.1,75.81,-73.1
397,72.82033940491439,-72.59809232776416,75.8196605950856,-72.66190767223583
398,72.85363734874566,-72.09560260572644,75.84636265125432,-72.30439739427356
399,72.89563911770648,-71.61005557545272,75.88436088229352,-71.86994442454727
400,72.96580840379885,-71.11280122982421,75.93419159620116,-71.54719877017578
401,73.03507575950825,-70.62786796564406,76.00492424049175,-71.05213203435595
